"Data";"Hora (UTC)";"Temp. Ins. (C)";"Temp. Max. (C)";"Temp. Min. (C)";"Umi. Ins. (%)";"Umi. Max. (%)";"Umi. Min. (%)";"Pto Orvalho Ins. (C)";"Pto Orvalho Max. (C)";"Pto Orvalho Min. (C)";"Pressao Ins. (hPa)";"Pressao Max. (hPa)";"Pressao Min. (hPa)";"Vel. Vento (m/s)";"Dir. Vento (m/s)";"Raj. Vento (m/s)";"Radiacao (KJ/m²)";"Chuva (mm)"
"01/06/2022";"0000";"5,6";"5,8";"5,0";"65,0";"72,0";"62,0";"-0,6";"0,4";"-0,9";"906,6";"906,6";"906,3";"2,4";"103,0";"3,2";"";"0,0"
"01/06/2022";"0100";"4,9";"5,6";"4,5";"73,0";"73,0";"65,0";"0,4";"0,4";"-0,6";"906,7";"906,7";"906,3";"2,5";"70,0";"3,7";"";"0,0"
"01/06/2022";"0200";"6,0";"6,0";"3,9";"81,0";"84,0";"73,0";"2,9";"2,9";"0,2";"906,8";"906,9";"906,7";"2,1";"79,0";"4,0";"";"0,0"
"01/06/2022";"0300";"6,2";"6,7";"5,8";"87,0";"87,0";"81,0";"4,1";"4,1";"3,0";"906,6";"906,8";"906,6";"1,3";"91,0";"3,0";"1,40";"0,0"
"01/06/2022";"0400";"5,6";"6,6";"5,3";"90,0";"90,0";"87,0";"4,1";"4,7";"3,5";"906,3";"906,6";"906,3";"2,0";"99,0";"2,8";"0,90";"0,0"
"01/06/2022";"0500";"7,8";"7,9";"5,6";"94,0";"94,0";"90,0";"6,9";"7,0";"4,3";"905,8";"906,4";"905,8";"2,9";"42,0";"4,4";"";"0,0"
"01/06/2022";"0600";"8,0";"8,0";"7,6";"96,0";"96,0";"94,0";"7,4";"7,4";"6,8";"905,7";"905,9";"905,7";"2,5";"40,0";"4,6";"";"0,0"
"01/06/2022";"0700";"8,5";"8,5";"7,8";"97,0";"97,0";"96,0";"8,1";"8,1";"7,3";"905,6";"905,7";"905,6";"3,3";"17,0";"5,1";"";"0,0"
"01/06/2022";"0800";"8,5";"8,7";"8,5";"96,0";"97,0";"96,0";"8,0";"8,3";"7,9";"905,5";"905,6";"905,3";"3,7";"14,0";"6,4";"";"0,0"
"01/06/2022";"0900";"8,5";"8,5";"8,3";"97,0";"97,0";"96,0";"8,0";"8,0";"7,9";"905,6";"905,7";"905,4";"3,7";"10,0";"6,0";"";"0,0"
"01/06/2022";"1000";"8,9";"8,9";"8,5";"96,0";"97,0";"96,0";"8,2";"8,2";"8,0";"906,1";"906,1";"905,6";"4,1";"6,0";"7,4";"27,30";"0,0"
"01/06/2022";"1100";"9,4";"9,4";"8,9";"94,0";"96,0";"94,0";"8,4";"8,5";"8,2";"906,5";"906,5";"906,1";"5,3";"11,0";"7,6";"234,50";"0,0"
"01/06/2022";"1200";"10,2";"10,2";"9,4";"93,0";"94,0";"92,0";"9,1";"9,1";"8,4";"906,5";"906,6";"906,3";"4,9";"9,0";"8,6";"403,60";"0,0"
"01/06/2022";"1300";"11,5";"11,5";"10,2";"89,0";"93,0";"87,0";"9,7";"9,7";"8,9";"905,9";"906,5";"905,8";"4,8";"18,0";"9,8";"977,00";"0,0"
"01/06/2022";"1400";"11,2";"11,7";"11,2";"88,0";"89,0";"87,0";"9,3";"9,8";"9,2";"905,6";"906,1";"905,6";"4,9";"15,0";"8,1";"504,50";"0,0"
"01/06/2022";"1500";"11,6";"12,0";"11,2";"87,0";"89,0";"85,0";"9,6";"9,9";"9,3";"905,6";"905,7";"905,1";"5,3";"8,0";"8,1";"524,50";"0,0"
"01/06/2022";"1600";"10,6";"11,6";"10,6";"92,0";"92,0";"87,0";"9,4";"9,5";"9,2";"904,7";"905,6";"904,7";"4,2";"10,0";"8,1";"186,20";"0,0"
"01/06/2022";"1700";"10,9";"11,3";"10,6";"91,0";"94,0";"90,0";"9,5";"10,3";"9,4";"903,9";"904,7";"903,7";"4,3";"17,0";"7,8";"379,60";"0,0"
"01/06/2022";"1800";"10,4";"10,9";"10,4";"96,0";"96,0";"91,0";"9,8";"9,9";"9,4";"904,5";"904,5";"903,4";"2,3";"337,0";"6,6";"144,80";"1,0"
"01/06/2022";"1900";"10,1";"10,4";"10,1";"98,0";"98,0";"96,0";"9,8";"9,9";"9,7";"904,2";"904,9";"903,6";"0,8";"314,0";"3,9";"79,40";"1,8"
"01/06/2022";"2000";"10,2";"10,3";"10,1";"98,0";"98,0";"98,0";"9,9";"9,9";"9,8";"904,3";"904,3";"903,5";"0,2";"166,0";"2,1";"27,70";"0,0"
"01/06/2022";"2100";"10,1";"10,2";"10,1";"99,0";"99,0";"98,0";"10,0";"10,0";"9,9";"904,9";"904,9";"904,1";"1,5";"326,0";"2,9";"";"0,6"
"01/06/2022";"2200";"10,1";"10,1";"10,1";"100,0";"100,0";"99,0";"10,1";"10,1";"10,0";"905,3";"905,4";"904,8";"0,8";"341,0";"2,9";"";"0,2"
"01/06/2022";"2300";"10,1";"10,1";"10,1";"100,0";"100,0";"100,0";"10,1";"10,1";"10,1";"905,4";"905,7";"905,2";"0,9";"122,0";"1,5";"";"0,0"
"02/06/2022";"0000";"7,8";"10,2";"7,8";"100,0";"100,0";"100,0";"7,8";"10,2";"7,8";"905,6";"905,6";"905,4";"1,5";"181,0";"3,8";"";"0,2"
"02/06/2022";"0100";"7,3";"7,8";"7,2";"100,0";"100,0";"100,0";"7,3";"7,7";"7,2";"905,9";"905,9";"905,5";"1,3";"191,0";"3,5";"";"0,2"
"02/06/2022";"0200";"6,5";"7,3";"6,5";"100,0";"100,0";"100,0";"6,5";"7,3";"6,5";"905,6";"905,9";"905,5";"2,0";"178,0";"4,1";"";"0,0"
"02/06/2022";"0300";"6,3";"6,5";"6,2";"100,0";"100,0";"100,0";"6,3";"6,5";"6,2";"904,9";"905,6";"904,8";"2,3";"169,0";"6,0";"";"0,0"
"02/06/2022";"0400";"6,3";"6,3";"6,2";"100,0";"100,0";"100,0";"6,3";"6,3";"6,2";"905,3";"905,3";"904,5";"2,5";"167,0";"5,5";"";"0,0"
"02/06/2022";"0500";"6,3";"6,4";"6,2";"100,0";"100,0";"100,0";"6,3";"6,4";"6,2";"904,9";"905,4";"904,6";"2,6";"165,0";"5,5";"";"0,0"
"02/06/2022";"0600";"6,0";"6,3";"6,0";"100,0";"100,0";"100,0";"6,0";"6,3";"6,0";"904,0";"905,2";"903,8";"3,0";"163,0";"5,6";"";"0,2"
"02/06/2022";"0700";"6,3";"6,3";"6,0";"100,0";"100,0";"100,0";"6,3";"6,3";"6,0";"904,7";"904,8";"903,9";"2,0";"142,0";"5,4";"";"0,0"
"02/06/2022";"0800";"6,2";"6,3";"6,2";"100,0";"100,0";"100,0";"6,2";"6,3";"6,2";"905,0";"905,1";"904,5";"2,0";"169,0";"4,0";"";"0,0"
"02/06/2022";"0900";"6,2";"6,3";"6,1";"100,0";"100,0";"100,0";"6,2";"6,3";"6,1";"905,8";"905,8";"904,8";"2,3";"160,0";"5,3";"";"0,0"
"02/06/2022";"1000";"6,2";"6,3";"6,1";"100,0";"100,0";"100,0";"6,2";"6,3";"6,1";"906,0";"906,0";"905,6";"2,3";"167,0";"5,2";"6,70";"0,0"
"02/06/2022";"1100";"6,4";"6,4";"6,1";"100,0";"100,0";"100,0";"6,4";"6,4";"6,1";"906,6";"906,9";"905,8";"2,1";"156,0";"5,5";"93,20";"0,0"
"02/06/2022";"1200";"6,9";"6,9";"6,3";"100,0";"100,0";"100,0";"6,9";"6,9";"6,3";"906,4";"906,6";"906,0";"3,2";"136,0";"5,4";"343,40";"0,0"
"02/06/2022";"1300";"8,0";"8,0";"6,8";"100,0";"100,0";"100,0";"8,0";"8,0";"6,8";"906,5";"906,6";"906,2";"2,7";"114,0";"5,4";"454,00";"0,0"
"02/06/2022";"1400";"9,5";"9,5";"7,8";"99,0";"100,0";"99,0";"9,4";"9,5";"7,8";"906,1";"906,5";"906,0";"3,1";"131,0";"6,0";"839,20";"0,0"
"02/06/2022";"1500";"8,3";"9,7";"8,2";"99,0";"99,0";"95,0";"8,1";"9,3";"8,0";"905,7";"906,1";"905,7";"2,3";"171,0";"5,4";"474,10";"0,0"
"02/06/2022";"1600";"8,1";"8,5";"7,9";"100,0";"100,0";"99,0";"8,1";"8,4";"7,8";"905,5";"905,9";"905,4";"3,7";"166,0";"7,3";"670,80";"1,0"
"02/06/2022";"1700";"9,0";"9,0";"8,0";"99,0";"100,0";"98,0";"8,9";"9,0";"8,0";"905,1";"905,6";"905,1";"2,9";"158,0";"6,2";"786,10";"0,0"
"02/06/2022";"1800";"7,4";"9,1";"7,4";"100,0";"100,0";"98,0";"7,4";"8,6";"7,3";"905,8";"905,8";"905,0";"2,6";"176,0";"7,0";"402,50";"0,0"
"02/06/2022";"1900";"6,9";"7,4";"6,9";"100,0";"100,0";"100,0";"6,9";"7,4";"6,9";"906,0";"906,0";"905,8";"3,8";"162,0";"6,8";"202,90";"0,4"
"02/06/2022";"2000";"6,7";"7,0";"6,7";"100,0";"100,0";"100,0";"6,7";"7,0";"6,7";"906,1";"906,2";"906,0";"3,3";"154,0";"6,8";"51,70";"0,0"
"02/06/2022";"2100";"6,5";"6,8";"6,5";"100,0";"100,0";"100,0";"6,5";"6,8";"6,5";"906,8";"906,9";"906,1";"4,3";"153,0";"6,9";"";"0,0"
"02/06/2022";"2200";"6,2";"6,5";"6,2";"100,0";"100,0";"100,0";"6,2";"6,5";"6,2";"907,3";"907,3";"906,8";"3,7";"164,0";"7,1";"";"0,2"
"02/06/2022";"2300";"5,8";"6,2";"5,8";"100,0";"100,0";"100,0";"5,8";"6,2";"5,8";"907,8";"907,8";"907,3";"3,7";"161,0";"6,8";"";"0,0"
"03/06/2022";"0000";"5,3";"5,8";"5,3";"100,0";"100,0";"100,0";"5,3";"5,8";"5,3";"908,4";"908,4";"907,8";"3,9";"163,0";"7,5";"";"0,2"
"03/06/2022";"0100";"4,9";"5,3";"4,9";"100,0";"100,0";"100,0";"4,9";"5,3";"4,9";"909,2";"909,2";"908,4";"4,6";"156,0";"8,3";"";"0,4"
"03/06/2022";"0200";"4,7";"5,0";"4,7";"100,0";"100,0";"99,0";"4,7";"4,9";"4,6";"909,6";"909,6";"909,2";"3,9";"157,0";"8,3";"";"0,4"
"03/06/2022";"0300";"4,8";"4,9";"4,7";"100,0";"100,0";"100,0";"4,8";"4,9";"4,7";"909,9";"909,9";"909,6";"3,4";"160,0";"6,9";"";"0,2"
"03/06/2022";"0400";"4,8";"4,9";"4,8";"100,0";"100,0";"100,0";"4,8";"4,9";"4,8";"909,9";"909,9";"909,7";"3,4";"156,0";"6,8";"";"0,0"
"03/06/2022";"0500";"4,5";"4,8";"4,5";"100,0";"100,0";"100,0";"4,5";"4,8";"4,5";"909,9";"910,0";"909,9";"2,8";"152,0";"6,8";"";"0,2"
"03/06/2022";"0600";"4,5";"4,5";"4,5";"100,0";"100,0";"100,0";"4,4";"4,5";"4,4";"909,8";"910,0";"909,7";"2,7";"139,0";"4,7";"";"0,0"
"03/06/2022";"0700";"4,6";"4,7";"4,5";"100,0";"100,0";"100,0";"4,6";"4,7";"4,4";"910,1";"910,1";"909,8";"1,8";"149,0";"4,7";"";"0,0"
"03/06/2022";"0800";"4,7";"4,7";"4,6";"100,0";"100,0";"100,0";"4,7";"4,7";"4,6";"910,3";"910,3";"909,9";"2,2";"157,0";"4,0";"";"0,0"
"03/06/2022";"0900";"4,5";"4,7";"4,5";"100,0";"100,0";"100,0";"4,5";"4,7";"4,5";"910,5";"910,6";"910,3";"2,6";"145,0";"5,2";"0,10";"0,0"
"03/06/2022";"1000";"4,4";"4,5";"4,3";"100,0";"100,0";"100,0";"4,4";"4,5";"4,3";"910,7";"910,8";"910,5";"2,6";"137,0";"5,0";"10,70";"0,0"
"03/06/2022";"1100";"4,5";"4,5";"4,1";"100,0";"100,0";"100,0";"4,5";"4,5";"4,1";"910,8";"910,8";"910,6";"2,6";"139,0";"5,2";"133,80";"0,0"
"03/06/2022";"1200";"4,7";"4,9";"4,2";"100,0";"100,0";"100,0";"4,7";"4,9";"4,2";"911,6";"911,7";"910,8";"2,2";"144,0";"5,4";"325,50";"0,0"
"03/06/2022";"1300";"5,3";"5,6";"4,7";"100,0";"100,0";"100,0";"5,3";"5,6";"4,7";"912,0";"912,2";"911,6";"1,5";"132,0";"4,3";"611,50";"0,0"
"03/06/2022";"1400";"6,5";"6,6";"5,3";"100,0";"100,0";"100,0";"6,5";"6,6";"5,4";"912,2";"912,2";"912,0";"1,7";"134,0";"3,5";"849,00";"0,0"
"03/06/2022";"1500";"8,7";"8,9";"6,3";"94,0";"100,0";"94,0";"7,8";"8,6";"6,3";"911,7";"912,2";"911,7";"1,2";"136,0";"3,4";"1570,30";"0,0"
"03/06/2022";"1600";"10,6";"11,0";"8,7";"82,0";"94,0";"82,0";"7,6";"8,8";"6,9";"910,9";"911,7";"910,9";"1,7";"177,0";"4,0";"1746,60";"0,0"
"03/06/2022";"1700";"10,5";"11,4";"10,1";"80,0";"85,0";"78,0";"7,2";"8,7";"7,0";"910,4";"911,0";"910,2";"2,0";"160,0";"3,4";"1187,50";"0,0"
"03/06/2022";"1800";"12,0";"12,3";"10,4";"56,0";"82,0";"55,0";"3,4";"7,7";"3,2";"910,4";"910,4";"910,3";"1,5";"186,0";"3,7";"1317,30";"0,0"
"03/06/2022";"1900";"9,9";"12,0";"9,9";"64,0";"64,0";"56,0";"3,4";"4,6";"3,2";"910,4";"910,4";"910,2";"2,8";"153,0";"5,7";"839,80";"0,0"
"03/06/2022";"2000";"8,3";"9,9";"8,3";"74,0";"74,0";"64,0";"4,0";"4,5";"3,5";"910,6";"910,7";"910,4";"1,6";"153,0";"4,7";"170,50";"0,0"
"03/06/2022";"2100";"8,6";"8,6";"7,5";"70,0";"75,0";"70,0";"3,3";"4,0";"3,2";"911,0";"911,0";"910,6";"1,7";"145,0";"2,5";"";"0,0"
"03/06/2022";"2200";"7,4";"8,6";"7,4";"78,0";"78,0";"70,0";"3,8";"3,8";"3,4";"911,1";"911,1";"911,0";"3,2";"117,0";"5,7";"";"0,0"
"03/06/2022";"2300";"5,3";"7,4";"5,3";"83,0";"83,0";"77,0";"2,7";"3,8";"2,6";"911,0";"911,2";"911,0";"3,9";"115,0";"7,0";"";"0,0"
"04/06/2022";"0000";"4,9";"5,4";"4,8";"88,0";"88,0";"83,0";"3,1";"3,1";"2,6";"911,1";"911,1";"911,0";"4,2";"105,0";"7,1";"";"0,0"
"04/06/2022";"0100";"5,0";"5,2";"4,7";"89,0";"90,0";"88,0";"3,4";"3,5";"3,0";"911,4";"911,4";"911,0";"4,4";"95,0";"8,3";"";"0,0"
"04/06/2022";"0200";"5,6";"5,7";"5,0";"87,0";"90,0";"87,0";"3,6";"3,8";"3,4";"911,7";"911,7";"911,3";"3,1";"82,0";"7,9";"";"0,0"
"04/06/2022";"0300";"5,8";"6,2";"5,6";"83,0";"87,0";"83,0";"3,3";"3,6";"3,3";"911,3";"911,7";"911,3";"4,2";"72,0";"7,0";"";"0,0"
"04/06/2022";"0400";"4,4";"5,8";"4,2";"90,0";"91,0";"84,0";"2,8";"3,3";"2,8";"911,2";"911,3";"911,1";"3,4";"61,0";"7,0";"";"0,0"
"04/06/2022";"0500";"4,4";"4,5";"4,0";"89,0";"90,0";"88,0";"2,7";"2,8";"2,4";"910,9";"911,3";"910,9";"4,7";"55,0";"7,7";"";"0,0"
"04/06/2022";"0600";"3,9";"4,5";"3,7";"90,0";"91,0";"88,0";"2,4";"2,8";"2,4";"910,7";"910,9";"910,7";"4,3";"56,0";"7,8";"";"0,0"
"04/06/2022";"0700";"3,7";"4,0";"3,7";"89,0";"91,0";"89,0";"2,1";"2,5";"2,0";"910,2";"910,7";"910,2";"4,4";"56,0";"7,0";"";"0,0"
"04/06/2022";"0800";"3,7";"4,0";"3,7";"89,0";"89,0";"87,0";"2,0";"2,1";"1,7";"910,3";"910,3";"910,2";"5,0";"48,0";"7,4";"";"0,0"
"04/06/2022";"0900";"4,5";"4,5";"3,2";"94,0";"94,0";"88,0";"3,6";"3,6";"1,7";"910,9";"911,0";"910,3";"4,7";"25,0";"7,4";"";"0,0"
"04/06/2022";"1000";"6,7";"6,7";"4,5";"94,0";"95,0";"94,0";"5,7";"5,8";"3,6";"911,4";"911,4";"910,9";"5,5";"13,0";"8,5";"15,20";"0,0"
"04/06/2022";"1100";"8,2";"8,2";"6,7";"90,0";"94,0";"90,0";"6,7";"6,7";"5,8";"912,2";"912,2";"911,4";"6,9";"12,0";"9,8";"239,60";"0,0"
"04/06/2022";"1200";"9,5";"9,5";"8,2";"87,0";"90,0";"85,0";"7,5";"7,5";"6,7";"912,4";"912,4";"912,1";"6,9";"11,0";"11,0";"924,90";"0,0"
"04/06/2022";"1300";"10,7";"11,2";"9,0";"80,0";"88,0";"78,0";"7,5";"8,2";"6,8";"912,3";"912,7";"912,3";"7,4";"15,0";"11,0";"1313,00";"0,0"
"04/06/2022";"1400";"12,7";"12,7";"10,8";"75,0";"81,0";"74,0";"8,4";"8,5";"7,3";"912,0";"912,3";"912,0";"6,5";"21,0";"10,4";"1932,40";"0,0"
"04/06/2022";"1500";"13,4";"13,7";"12,3";"73,0";"77,0";"72,0";"8,6";"9,4";"7,7";"911,3";"912,1";"911,3";"5,9";"26,0";"9,5";"2088,40";"0,0"
"04/06/2022";"1600";"14,0";"14,0";"13,0";"74,0";"74,0";"71,0";"9,4";"9,5";"8,1";"910,4";"911,3";"910,4";"5,3";"32,0";"9,2";"1811,90";"0,0"
"04/06/2022";"1700";"13,9";"14,4";"13,7";"73,0";"75,0";"71,0";"9,2";"9,7";"8,7";"909,9";"910,4";"909,9";"5,5";"11,0";"7,9";"1588,50";"0,0"
"04/06/2022";"1800";"13,2";"14,1";"13,2";"76,0";"77,0";"73,0";"9,0";"9,7";"8,9";"909,8";"910,1";"909,8";"5,8";"23,0";"8,4";"1164,50";"0,0"
"04/06/2022";"1900";"11,9";"13,2";"11,9";"82,0";"82,0";"76,0";"8,9";"9,4";"8,7";"909,8";"909,8";"909,7";"4,6";"23,0";"8,7";"569,40";"0,0"
"04/06/2022";"2000";"10,0";"11,9";"10,0";"89,0";"89,0";"82,0";"8,3";"8,9";"8,3";"909,9";"909,9";"909,7";"2,7";"25,0";"7,4";"125,70";"0,0"
"04/06/2022";"2100";"9,6";"10,0";"9,6";"88,0";"90,0";"88,0";"7,7";"8,4";"7,7";"910,4";"910,4";"909,9";"4,6";"34,0";"6,9";"";"0,0"
"04/06/2022";"2200";"9,0";"9,6";"9,0";"90,0";"90,0";"88,0";"7,4";"7,8";"7,4";"910,2";"910,4";"910,2";"4,5";"32,0";"7,2";"";"0,0"
"04/06/2022";"2300";"8,7";"9,2";"8,5";"93,0";"93,0";"90,0";"7,6";"7,6";"7,3";"910,1";"910,3";"910,1";"3,9";"29,0";"7,3";"";"0,0"
"05/06/2022";"0000";"8,8";"8,9";"8,5";"94,0";"94,0";"92,0";"7,9";"8,0";"7,4";"910,5";"910,5";"910,1";"4,7";"14,0";"6,7";"";"0,0"
"05/06/2022";"0100";"8,4";"8,8";"8,4";"96,0";"96,0";"93,0";"7,7";"7,9";"7,6";"910,4";"910,6";"910,3";"4,4";"18,0";"6,7";"";"0,0"
"05/06/2022";"0200";"9,1";"9,1";"8,3";"96,0";"96,0";"96,0";"8,6";"8,6";"7,7";"910,2";"910,5";"910,1";"4,8";"17,0";"7,3";"";"0,0"
"05/06/2022";"0300";"10,0";"10,0";"9,2";"96,0";"96,0";"95,0";"9,3";"9,3";"8,6";"910,0";"910,3";"909,8";"5,3";"5,0";"8,6";"";"0,0"
"05/06/2022";"0400";"10,3";"10,3";"10,0";"95,0";"96,0";"95,0";"9,5";"9,6";"9,3";"909,7";"910,0";"909,7";"5,9";"1,0";"9,2";"";"0,0"
"05/06/2022";"0500";"10,4";"10,4";"10,3";"95,0";"95,0";"95,0";"9,7";"9,7";"9,6";"909,4";"909,7";"909,4";"5,5";"11,0";"8,7";"";"0,0"
"05/06/2022";"0600";"10,5";"10,5";"10,4";"96,0";"96,0";"95,0";"9,8";"9,8";"9,7";"909,2";"909,4";"909,2";"5,5";"12,0";"8,1";"";"0,0"
"05/06/2022";"0700";"10,4";"10,5";"10,4";"96,0";"96,0";"95,0";"9,9";"9,9";"9,8";"908,8";"909,3";"908,8";"5,5";"15,0";"9,0";"";"0,0"
"05/06/2022";"0800";"10,5";"10,5";"10,4";"96,0";"96,0";"96,0";"9,9";"9,9";"9,9";"908,3";"908,9";"908,3";"6,4";"13,0";"10,1";"";"0,0"
"05/06/2022";"0900";"10,5";"10,6";"10,5";"96,0";"96,0";"96,0";"9,9";"9,9";"9,9";"908,5";"908,6";"908,3";"5,7";"19,0";"10,0";"";"0,0"
"05/06/2022";"1000";"10,5";"10,6";"10,5";"96,0";"96,0";"95,0";"9,9";"9,9";"9,8";"909,4";"909,4";"908,5";"5,6";"7,0";"8,9";"";"0,0"
"05/06/2022";"1100";"10,3";"10,5";"10,3";"97,0";"97,0";"96,0";"9,9";"10,0";"9,9";"909,7";"910,3";"908,5";"4,0";"3,0";"9,6";"13,10";"2,0"
"05/06/2022";"1200";"10,6";"10,6";"10,3";"100,0";"100,0";"97,0";"10,6";"10,6";"10,0";"910,2";"910,3";"909,7";"4,3";"18,0";"6,8";"94,70";"3,8"
"05/06/2022";"1300";"11,0";"11,0";"10,6";"99,0";"100,0";"98,0";"10,8";"10,8";"10,5";"909,7";"910,3";"909,6";"5,5";"18,0";"8,5";"271,20";"0,2"
"05/06/2022";"1400";"11,4";"11,5";"10,9";"98,0";"99,0";"97,0";"11,0";"11,2";"10,8";"909,6";"909,7";"908,9";"4,8";"21,0";"8,4";"514,00";"0,4"
"05/06/2022";"1500";"11,6";"11,7";"11,3";"99,0";"99,0";"98,0";"11,4";"11,4";"11,0";"908,9";"909,6";"908,8";"3,5";"26,0";"8,2";"210,00";"1,2"
"05/06/2022";"1600";"12,1";"12,1";"11,6";"98,0";"99,0";"98,0";"11,8";"11,8";"11,4";"907,9";"908,9";"907,9";"4,6";"27,0";"6,7";"218,00";"0,6"
"05/06/2022";"1700";"12,4";"12,6";"12,1";"98,0";"98,0";"97,0";"12,1";"12,3";"11,8";"907,5";"907,9";"907,5";"4,4";"19,0";"7,6";"319,00";"0,4"
"05/06/2022";"1800";"12,3";"12,6";"12,3";"99,0";"99,0";"98,0";"12,1";"12,3";"12,0";"907,7";"907,7";"907,4";"4,0";"14,0";"6,7";"150,90";"1,2"
"05/06/2022";"1900";"11,9";"12,3";"11,9";"100,0";"100,0";"99,0";"11,9";"12,1";"11,9";"907,3";"907,7";"907,2";"4,1";"19,0";"6,9";"54,30";"8,6"
"05/06/2022";"2000";"11,9";"12,0";"11,9";"100,0";"100,0";"100,0";"11,9";"12,0";"11,9";"907,5";"907,5";"907,2";"4,1";"16,0";"6,9";"18,60";"1,8"
"05/06/2022";"2100";"11,7";"11,9";"11,7";"100,0";"100,0";"100,0";"11,7";"11,9";"11,7";"907,5";"907,7";"907,3";"3,9";"23,0";"6,8";"0,80";"5,4"
"05/06/2022";"2200";"11,8";"11,8";"11,7";"100,0";"100,0";"100,0";"11,8";"11,8";"11,7";"907,9";"907,9";"907,4";"3,1";"22,0";"5,6";"";"2,0"
"05/06/2022";"2300";"11,8";"11,8";"11,7";"100,0";"100,0";"100,0";"11,8";"11,8";"11,7";"908,1";"908,2";"907,8";"3,6";"23,0";"5,5";"0,40";"0,4"
"06/06/2022";"0000";"11,7";"11,8";"11,7";"100,0";"100,0";"100,0";"11,7";"11,8";"11,7";"907,8";"908,1";"907,8";"3,8";"22,0";"5,6";"";"0,8"
"06/06/2022";"0100";"11,7";"11,7";"11,7";"100,0";"100,0";"100,0";"11,7";"11,7";"11,7";"907,4";"907,8";"907,2";"4,2";"16,0";"6,6";"";"0,2"
"06/06/2022";"0200";"11,8";"11,8";"11,7";"100,0";"100,0";"100,0";"11,8";"11,8";"11,7";"906,8";"907,4";"906,8";"3,9";"20,0";"7,3";"";"0,8"
"06/06/2022";"0300";"11,9";"12,0";"11,8";"100,0";"100,0";"100,0";"11,9";"12,0";"11,8";"906,5";"906,8";"906,4";"4,2";"20,0";"7,4";"";"0,0"
"06/06/2022";"0400";"11,9";"12,0";"11,9";"100,0";"100,0";"100,0";"11,9";"12,0";"11,9";"906,7";"907,1";"906,4";"3,7";"1,0";"6,7";"";"4,6"
"06/06/2022";"0500";"12,1";"12,1";"11,9";"100,0";"100,0";"100,0";"12,1";"12,1";"11,9";"906,6";"907,0";"906,6";"2,8";"4,0";"5,3";"";"7,2"
"06/06/2022";"0600";"12,0";"12,1";"12,0";"100,0";"100,0";"100,0";"12,0";"12,1";"12,0";"906,0";"906,7";"905,8";"3,1";"38,0";"5,5";"";"0,4"
"06/06/2022";"0700";"12,0";"12,0";"11,9";"100,0";"100,0";"100,0";"12,0";"12,0";"11,9";"905,1";"906,0";"905,1";"4,1";"36,0";"6,0";"";"0,0"
"06/06/2022";"0800";"12,0";"12,0";"11,9";"100,0";"100,0";"100,0";"12,0";"12,0";"11,9";"904,9";"905,1";"904,6";"3,3";"17,0";"6,0";"";"0,0"
"06/06/2022";"0900";"12,0";"12,0";"11,9";"100,0";"100,0";"100,0";"12,0";"12,0";"11,9";"904,7";"905,0";"904,4";"3,1";"42,0";"5,4";"";"0,0"
"06/06/2022";"1000";"12,0";"12,2";"12,0";"100,0";"100,0";"100,0";"12,0";"12,2";"12,0";"904,8";"905,1";"904,7";"3,2";"37,0";"4,9";"2,50";"0,8"
"06/06/2022";"1100";"12,4";"12,4";"12,0";"100,0";"100,0";"100,0";"12,4";"12,4";"12,0";"906,0";"906,0";"904,5";"1,5";"309,0";"5,9";"52,30";"0,4"
"06/06/2022";"1200";"12,7";"12,8";"12,3";"100,0";"100,0";"100,0";"12,7";"12,8";"12,3";"906,2";"906,3";"905,2";"2,1";"52,0";"3,9";"142,00";"0,2"
"06/06/2022";"1300";"12,9";"13,1";"12,7";"100,0";"100,0";"100,0";"12,9";"13,1";"12,7";"906,3";"907,2";"906,0";"1,1";"31,0";"3,5";"184,70";"2,6"
"06/06/2022";"1400";"13,0";"13,1";"12,9";"100,0";"100,0";"100,0";"13,0";"13,1";"12,9";"906,5";"907,4";"906,2";"1,6";"186,0";"6,5";"158,80";"1,2"
"06/06/2022";"1500";"13,0";"13,2";"12,9";"100,0";"100,0";"100,0";"13,0";"13,2";"12,9";"906,4";"906,5";"905,8";"1,1";"194,0";"6,5";"281,80";"0,8"
"06/06/2022";"1600";"12,8";"13,0";"12,8";"100,0";"100,0";"100,0";"12,8";"13,0";"12,8";"905,6";"906,4";"905,6";"2,5";"151,0";"4,1";"145,00";"3,0"
"06/06/2022";"1700";"12,7";"12,8";"12,7";"99,0";"100,0";"99,0";"12,5";"12,8";"12,5";"904,6";"905,6";"904,3";"3,2";"158,0";"6,2";"149,00";"2,6"
"06/06/2022";"1800";"12,6";"12,7";"12,6";"98,0";"99,0";"98,0";"12,3";"12,5";"12,2";"904,5";"904,6";"904,1";"0,9";"40,0";"6,1";"129,30";"1,8"
"06/06/2022";"1900";"12,5";"12,7";"12,5";"100,0";"100,0";"98,0";"12,5";"12,6";"12,3";"903,4";"904,5";"903,4";"4,6";"349,0";"6,7";"130,70";"0,6"
"06/06/2022";"2000";"12,5";"12,5";"12,4";"97,0";"100,0";"97,0";"12,0";"12,5";"12,0";"903,8";"903,9";"903,2";"5,5";"337,0";"9,0";"19,30";"0,0"
"06/06/2022";"2100";"12,3";"12,6";"12,1";"96,0";"98,0";"96,0";"11,7";"12,2";"11,7";"904,3";"905,5";"903,7";"1,5";"234,0";"8,4";"";"0,2"
"06/06/2022";"2200";"12,0";"12,3";"11,9";"99,0";"99,0";"96,0";"11,9";"11,9";"11,6";"905,4";"905,4";"903,0";"1,7";"222,0";"6,6";"";"0,2"
"06/06/2022";"2300";"12,1";"12,1";"12,0";"100,0";"100,0";"99,0";"12,1";"12,1";"11,9";"906,2";"906,4";"905,4";"0,8";"198,0";"4,4";"";"0,0"
"07/06/2022";"0000";"11,9";"12,1";"11,9";"100,0";"100,0";"100,0";"11,9";"12,1";"11,9";"905,2";"906,3";"905,2";"2,0";"103,0";"3,4";"";"0,0"
"07/06/2022";"0100";"11,9";"11,9";"11,7";"99,0";"100,0";"99,0";"11,7";"11,9";"11,7";"905,3";"905,3";"904,1";"2,4";"24,0";"5,7";"";"0,0"
"07/06/2022";"0200";"11,7";"11,9";"11,7";"99,0";"99,0";"99,0";"11,6";"11,8";"11,6";"904,0";"905,9";"903,9";"2,9";"108,0";"4,9";"";"0,2"
"07/06/2022";"0300";"11,5";"11,7";"11,5";"99,0";"100,0";"99,0";"11,4";"11,7";"11,4";"905,2";"905,3";"903,4";"1,0";"270,0";"5,9";"";"0,2"
"07/06/2022";"0400";"11,4";"11,6";"11,3";"100,0";"100,0";"99,0";"11,4";"11,5";"11,2";"905,4";"905,6";"905,0";"0,8";"294,0";"2,4";"";"0,0"
"07/06/2022";"0500";"11,4";"11,5";"11,2";"100,0";"100,0";"100,0";"11,4";"11,5";"11,2";"905,2";"905,4";"904,9";"0,5";"131,0";"1,3";"";"0,2"
"07/06/2022";"0600";"11,3";"11,6";"11,3";"100,0";"100,0";"100,0";"11,3";"11,6";"11,3";"904,5";"905,2";"904,5";"0,8";"80,0";"1,4";"";"0,6"
"07/06/2022";"0700";"11,4";"11,4";"11,2";"100,0";"100,0";"100,0";"11,4";"11,4";"11,2";"904,5";"904,6";"904,5";"1,0";"78,0";"1,6";"";"0,8"
"07/06/2022";"0800";"11,3";"11,4";"11,2";"100,0";"100,0";"100,0";"11,3";"11,4";"11,2";"903,6";"904,5";"903,6";"2,8";"80,0";"4,6";"";"0,8"
"07/06/2022";"0900";"11,4";"11,5";"11,3";"100,0";"100,0";"99,0";"11,3";"11,5";"11,3";"904,1";"904,2";"903,3";"1,2";"71,0";"4,8";"";"0,4"
"07/06/2022";"1000";"11,2";"11,4";"11,1";"100,0";"100,0";"100,0";"11,2";"11,3";"11,1";"903,8";"904,2";"903,8";"1,9";"158,0";"3,8";"6,90";"0,2"
"07/06/2022";"1100";"11,4";"11,4";"11,1";"100,0";"100,0";"100,0";"11,4";"11,4";"11,1";"904,8";"904,8";"903,7";"0,9";"200,0";"3,8";"75,30";"0,6"
"07/06/2022";"1200";"12,0";"12,0";"11,4";"100,0";"100,0";"100,0";"12,0";"12,0";"11,4";"905,2";"905,3";"904,8";"1,5";"147,0";"2,4";"281,10";"0,6"
"07/06/2022";"1300";"12,7";"12,8";"12,0";"97,0";"100,0";"97,0";"12,3";"12,5";"12,0";"905,3";"905,4";"905,2";"1,5";"90,0";"3,0";"558,80";"0,2"
"07/06/2022";"1400";"13,4";"13,5";"12,7";"94,0";"97,0";"94,0";"12,5";"12,9";"12,2";"905,1";"905,4";"905,1";"1,6";"110,0";"3,6";"655,40";"0,0"
"07/06/2022";"1500";"14,5";"14,5";"13,4";"88,0";"95,0";"88,0";"12,6";"12,9";"12,2";"904,3";"905,1";"904,3";"2,8";"81,0";"5,1";"954,30";"0,0"
"07/06/2022";"1600";"14,3";"14,7";"14,2";"87,0";"90,0";"86,0";"12,2";"13,0";"12,1";"903,9";"904,3";"903,9";"1,8";"89,0";"5,3";"756,20";"0,0"
"07/06/2022";"1700";"13,8";"14,8";"13,8";"92,0";"92,0";"86,0";"12,6";"12,9";"12,2";"903,3";"903,9";"903,3";"2,6";"128,0";"4,4";"410,00";"0,0"
"07/06/2022";"1800";"13,2";"13,8";"13,1";"97,0";"97,0";"92,0";"12,7";"12,9";"12,5";"903,4";"903,4";"903,2";"2,8";"120,0";"4,7";"290,30";"0,2"
"07/06/2022";"1900";"13,3";"13,4";"13,0";"97,0";"98,0";"97,0";"12,9";"12,9";"12,6";"903,5";"903,5";"903,3";"1,4";"143,0";"4,7";"236,60";"0,0"
"07/06/2022";"2000";"13,2";"13,3";"13,2";"97,0";"98,0";"97,0";"12,8";"13,0";"12,8";"903,7";"903,7";"903,4";"2,0";"148,0";"3,4";"101,80";"0,0"
"07/06/2022";"2100";"12,4";"13,2";"12,3";"98,0";"98,0";"97,0";"12,0";"12,7";"11,8";"904,4";"904,4";"903,7";"1,6";"157,0";"3,2";"";"0,0"
"07/06/2022";"2200";"12,0";"12,4";"12,0";"98,0";"98,0";"98,0";"11,6";"12,1";"11,6";"904,7";"904,7";"904,4";"2,0";"137,0";"3,3";"";"0,0"
"07/06/2022";"2300";"11,4";"12,0";"11,2";"96,0";"98,0";"96,0";"10,9";"11,6";"10,8";"905,4";"905,4";"904,7";"2,0";"132,0";"4,1";"";"0,0"
"08/06/2022";"0000";"11,1";"11,5";"11,1";"97,0";"97,0";"96,0";"10,6";"10,9";"10,6";"905,5";"905,5";"905,4";"2,9";"129,0";"4,3";"";"0,0"
"08/06/2022";"0100";"11,1";"11,2";"10,9";"95,0";"97,0";"95,0";"10,4";"10,6";"10,3";"905,4";"905,7";"905,4";"2,2";"84,0";"4,3";"";"0,0"
"08/06/2022";"0200";"10,6";"11,1";"10,6";"96,0";"96,0";"95,0";"10,0";"10,4";"9,9";"905,5";"905,5";"905,4";"2,6";"92,0";"4,8";"";"0,0"
"08/06/2022";"0300";"9,9";"10,6";"9,9";"97,0";"97,0";"96,0";"9,5";"10,1";"9,5";"905,3";"905,5";"905,3";"2,0";"121,0";"4,1";"";"0,0"
"08/06/2022";"0400";"9,5";"10,0";"9,5";"99,0";"99,0";"97,0";"9,4";"9,7";"9,3";"905,5";"905,6";"905,3";"1,2";"160,0";"3,2";"";"0,0"
"08/06/2022";"0500";"9,2";"9,6";"9,2";"100,0";"100,0";"99,0";"9,2";"9,5";"9,2";"905,4";"905,6";"905,3";"2,1";"141,0";"2,7";"";"0,0"
"08/06/2022";"0600";"9,4";"9,4";"9,2";"100,0";"100,0";"100,0";"9,4";"9,4";"9,2";"905,2";"905,4";"905,2";"2,3";"106,0";"3,3";"";"0,0"
"08/06/2022";"0700";"10,2";"10,2";"9,4";"98,0";"100,0";"98,0";"9,8";"10,0";"9,4";"905,4";"905,4";"905,2";"2,6";"92,0";"4,4";"";"0,0"
"08/06/2022";"0800";"9,9";"10,2";"9,9";"97,0";"98,0";"97,0";"9,5";"9,9";"9,4";"905,4";"905,5";"905,3";"2,4";"79,0";"4,6";"";"0,0"
"08/06/2022";"0900";"9,0";"10,0";"8,9";"99,0";"99,0";"97,0";"8,8";"9,5";"8,7";"906,2";"906,2";"905,4";"1,9";"51,0";"4,3";"";"0,2"
"08/06/2022";"1000";"9,5";"9,5";"8,8";"100,0";"100,0";"99,0";"9,5";"9,5";"8,7";"906,9";"906,9";"906,2";"2,4";"56,0";"3,9";"19,80";"0,0"
"08/06/2022";"1100";"10,6";"10,6";"9,4";"98,0";"100,0";"98,0";"10,4";"10,4";"9,3";"907,5";"907,5";"906,9";"3,1";"19,0";"4,2";"225,60";"0,0"
"08/06/2022";"1200";"12,9";"12,9";"10,7";"93,0";"98,0";"93,0";"11,8";"11,8";"10,5";"908,0";"908,0";"907,5";"1,7";"40,0";"4,7";"536,10";"0,0"
"08/06/2022";"1300";"15,0";"15,3";"12,8";"84,0";"93,0";"84,0";"12,3";"13,2";"11,4";"907,8";"908,1";"907,8";"3,1";"14,0";"5,3";"1479,30";"0,0"
"08/06/2022";"1400";"16,0";"16,4";"14,8";"73,0";"86,0";"71,0";"11,3";"13,0";"10,8";"907,1";"907,8";"907,0";"3,9";"8,0";"6,3";"1704,40";"0,0"
"08/06/2022";"1500";"16,2";"17,3";"15,4";"73,0";"77,0";"69,0";"11,3";"13,0";"10,6";"906,6";"907,1";"906,6";"2,3";"5,0";"6,3";"1807,80";"0,0"
"08/06/2022";"1600";"17,6";"18,1";"16,1";"69,0";"75,0";"66,0";"11,7";"12,7";"10,6";"905,8";"906,6";"905,8";"2,9";"346,0";"5,2";"1493,20";"0,0"
"08/06/2022";"1700";"17,9";"18,4";"16,9";"66,0";"70,0";"63,0";"11,4";"12,3";"10,6";"905,4";"905,8";"905,4";"1,9";"338,0";"5,2";"1970,80";"0,0"
"08/06/2022";"1800";"16,6";"18,8";"16,5";"69,0";"70,0";"62,0";"10,8";"12,2";"10,5";"905,2";"905,4";"905,2";"1,0";"15,0";"4,9";"1325,50";"0,0"
"08/06/2022";"1900";"15,8";"18,3";"15,6";"76,0";"77,0";"62,0";"11,6";"11,6";"10,6";"905,4";"905,4";"905,3";"1,4";"299,0";"4,0";"499,80";"0,0"
"08/06/2022";"2000";"14,7";"17,1";"14,7";"78,0";"78,0";"71,0";"11,0";"12,5";"11,0";"905,7";"905,7";"905,3";"1,8";"301,0";"2,3";"204,00";"0,0"
"08/06/2022";"2100";"13,9";"15,0";"13,8";"85,0";"85,0";"78,0";"11,5";"11,5";"10,8";"906,1";"906,1";"905,7";"0,8";"180,0";"2,3";"";"0,0"
"08/06/2022";"2200";"13,7";"14,1";"13,7";"87,0";"87,0";"85,0";"11,6";"11,8";"11,5";"906,5";"906,5";"906,1";"0,2";"344,0";"1,8";"";"0,0"
"08/06/2022";"2300";"13,3";"14,0";"13,2";"89,0";"89,0";"86,0";"11,6";"11,8";"11,3";"906,9";"907,0";"906,5";"0,4";"299,0";"1,6";"";"0,0"